agency_id,boardings
NCD,40915.828712063165
PMV,221250.4104043025
