agency_id,boardings
NCD,65505.8781286059
PMV,236061.09926372857
