route_id,boardings
EDA1,21703.89154820721
EDA2,5685.372430916014
EDA3,15767.174940321021
EDA4,10095.745287990325
EDA5,12253.693921171332
R04,2849.796313220669
R06,19698.77855359383
R07,4332.250357197579
R09,8566.700006003182
R10,21336.193090804987
R11,24110.61335413278
R12,16489.724976405152
R13,11412.609528098954
R15,25052.79154159476
R16,56536.55326581996
R17,5352.578646862823
R19,8204.966244987987
R20,11999.099663296412
RTA,20118.443721709486
