agency_id,boardings
NCD,124364.80982637267
PMV,337131.17665595456
