route_id,boardings
EDA1,6372.498954679797
EDA2,8561.578936635102
EDA3,35412.03817632663
EDA4,5708.3025549891345
EDA5,2506.4042790721214
QUENEDI,143326.25267364248
R04,245.00862367680338
R06,28641.636262640266
R07,11195.61329733924
R09,61191.53750727985
R10,14934.187516112552
R11,43788.66001982447
R12,40358.31934924172
R13,71385.93441486663
R15,57732.31352410372
R16,248.79357989587868
R17,47699.53077738017
R19,278.8284470449583
R20,1703.701634464619
RTA,4904.3971294864605
