agency_id,boardings
NCD,107571.10165414674
PMV,301091.3198862137
