route_id,boardings
EDA1,37055.25787248577
EDA2,15340.055774262735
EDA3,28862.8130214446
EDA4,23607.265296161633
EDA5,2705.70968979201
R04,3673.7142640041675
R06,13124.396423111546
R07,11660.361883780337
R09,14967.87262688271
R10,29699.24159955851
R11,27602.408436309957
R12,27862.492600643127
R13,23189.58535737966
R15,43318.99272061383
R16,27990.528369810098
R17,8514.76997101481
R19,10387.218602553727
R20,20013.05605984356
RTA,39086.68097070766
