route_id,boardings
EDA1,37167.94443873627
EDA2,22749.139370945755
EDA3,37390.70123541147
EDA4,27042.728930471076
EDA5,1771.8945295481944
QUENEDI,92146.71837792036
R04,2596.2069848988012
R06,9345.307024588341
R07,12453.517747166803
R09,14685.490423470865
R10,41286.10222425379
R11,35622.53668610971
R12,30488.47951766682
R13,17324.698412784794
R15,45799.84367419067
R16,27026.896593419435
R17,5949.166027476357
R19,12924.09691314914
R20,24870.358668460365
RTA,39373.453900433014
