agency_id,boardings
NCD,208082.82343556595
PMV,695126.1559444116
