route_id,boardings
EDA1,80205.45264874371
EDA2,13829.795071719594
EDA3,38405.467911826854
EDA4,55787.38612032933
EDA5,19854.72168294646
R04,1265.894479714315
R06,14992.179349050046
R07,35631.89473273934
R09,51321.89556575708
R10,32976.19781607829
R11,50061.187553535565
R12,46125.60653576053
R13,102361.68302679938
R15,153475.3844438535
R16,92201.86965459114
R17,12138.215109897592
R19,43744.40142086858
R20,35608.71923629061
RTA,23221.027019475707
