route_type,catchment,frequency (veh/hours),fleet,length (m),num station,veh.km/h
NCD,97549.46099817945,6.0,24.0,73332,282,453.6
PMV,140758.29138931577,11.661087866108787,77.0,121492,492,1429.2
