agency_id,boardings
NCD,108132.3251988671
PMV,338159.5069154751
